trial_id,attempt_idx,start,end,duration,wrist_RR,wrist_DET,wrist_LAM,wrist_L_MAX,wrist_n_points,wrist_emb_dim,wrist_emb_delay,env_RR,env_DET,env_LAM,env_L_MAX,env_n_points,env_emb_dim,env_emb_delay,pair_id,condition,target_word,clue_giver_id,n_attempts,guesser_id,guessed,guess_time,n_turntakes,is_last_attempt
103_203_12_1_20250113_152455_doughnut_board,1,1.01,13.79,12.78,0.0675,0.49,0.7055,1.9,383.0,8.0,7.0,0.0509,0.9672,0.9935,6.87,1278,8,24,103_203,board,doughnut,103,1,203.0,True,14.46,0,True
103_203_13_1_20250113_152513_spinach_board,1,2.8,13.8,11.0,0.03,0.8299,0.888,1.7333,330.0,8.0,12.0,0.0138,0.8923,0.9809,4.35,1100,8,16,103_203,board,spinach,103,1,203.0,True,14.67,1,True
103_203_14_1_20250113_152536_balloon_board,1,2.61,18.61,16.0,0.0654,0.6557,0.8097,5.6667,480.0,8.0,7.0,0.0357,0.9609,0.9929,10.248,1333,8,16,103_203,board,balloon,103,2,203.0,False,,2,False
103_203_14_1_20250113_152536_balloon_board,2,,,,,,,,,,,1.0,0.8642,1.0,0.096,9,8,16,103_203,board,balloon,103,2,203.0,False,,2,True
103_203_15_1_20250113_152557_bacon_board,1,1.2,6.08,4.88,0.3893,0.8156,0.8983,4.8667,147.0,8.0,10.0,0.0401,0.9083,0.9898,4.872,407,8,22,103_203,board,bacon,103,3,203.0,True,18.19,4,False
103_203_15_1_20250113_152557_bacon_board,2,9.72,14.98,5.26,0.0389,0.6227,0.8247,1.3,158.0,8.0,10.0,0.1234,0.971,0.9967,5.256,439,8,22,103_203,board,bacon,103,3,203.0,True,18.19,4,False
103_203_15_1_20250113_152557_bacon_board,3,14.98,17.48,2.5,0.0137,0.0,0.0,0.0,75.0,8.0,10.0,0.0334,0.8091,0.9827,2.484,208,8,22,103_203,board,bacon,103,3,203.0,True,18.19,4,True
103_203_16_1_20250113_152613_chlorine_board,1,3.98,12.62,8.64,0.0198,0.4222,0.734,0.5333,259.0,8.0,9.0,0.0128,0.9235,0.9414,1.472,1080,8,23,103_203,board,chlorine,103,1,203.0,True,12.13,0,True
103_203_17_1_20250113_152643_leather_board,1,1.78,25.1,23.32,0.0915,0.8225,0.906,6.4667,700.0,8.0,8.0,0.0502,0.9251,0.9726,3.072,1457,8,11,103_203,board,leather,103,1,203.0,True,23.41,0,True
103_203_18_1_20250113_152657_pillow_board,1,2.48,6.86,4.38,0.0738,0.6582,0.8461,1.0667,131.0,8.0,14.0,0.0737,0.9808,0.9956,2.526,730,8,26,103_203,board,pillow,103,1,203.0,True,7.65,0,True
103_203_19_1_20250113_152712_traffic_board,1,2.19,11.43,9.24,0.0976,0.6395,0.8075,1.5333,277.0,8.0,7.0,0.0113,0.8997,0.9895,7.2,1155,8,17,103_203,board,traffic,103,1,203.0,True,11.92,0,True
103_203_20_1_20250113_152735_bitter_board,1,2.77,22.3,19.53,0.0359,0.7517,0.8646,4.5333,530.0,8.0,8.0,0.0439,0.9561,0.9871,18.156,1514,8,17,103_203,board,bitter,103,1,,False,,0,True
103_203_21_1_20250113_152824_tiger_board,1,0.0,36.12,36.12,0.1019,0.8696,0.9297,6.3667,1084.0,8.0,14.0,0.0886,0.9334,0.9716,10.32,1505,8,14,103_203,board,tiger,103,2,203.0,True,44.12,3,False
103_203_21_1_20250113_152824_tiger_board,2,37.0,43.0,6.0,0.0248,0.3547,0.6931,0.1667,179.0,8.0,14.0,0.0065,0.1823,0.5616,0.192,250,8,14,103_203,board,tiger,103,2,203.0,True,44.12,3,True
103_203_23_1_20250113_152946_trumpet_ground,1,1.74,26.17,24.43,0.0848,0.7918,0.8861,4.2667,733.0,8.0,8.0,0.0613,0.9555,0.985,6.192,1357,8,17,103_203,ground,trumpet,203,2,103.0,False,,3,False
103_203_23_1_20250113_152946_trumpet_ground,2,26.17,32.08,5.91,0.0386,0.4128,0.7277,1.2333,156.0,8.0,8.0,0.1434,0.9158,0.9831,1.926,284,8,17,103_203,ground,trumpet,203,2,103.0,False,,3,True
103_203_24_1_20250113_152957_pasta_ground,1,1.42,10.42,9.0,0.0722,0.6821,0.8313,3.8667,232.0,8.0,6.0,0.0506,0.9784,0.9973,7.896,1317,8,29,103_203,ground,pasta,203,1,,True,8.42,0,True
103_203_25_1_20250113_153028_hamster_ground,1,0.88,16.3,15.42,0.172,0.8829,0.9341,6.1667,462.0,8.0,15.0,0.0605,0.9182,0.9729,7.152,964,8,18,103_203,ground,hamster,203,2,103.0,True,27.06,2,False
103_203_25_1_20250113_153028_hamster_ground,2,17.88,26.08,8.2,0.0159,0.2958,0.5781,0.1667,246.0,8.0,15.0,0.1599,0.9605,0.9915,6.368,512,8,18,103_203,ground,hamster,203,2,103.0,True,27.06,2,True
103_203_26_1_20250113_153140_siren_ground,1,2.83,24.83,22.0,0.0853,0.6785,0.8582,3.2667,330.0,8.0,8.0,0.1324,0.7361,0.8931,2.448,611,8,12,103_203,ground,siren,203,4,103.0,False,,7,False
103_203_26_1_20250113_153140_siren_ground,2,33.46,51.64,18.18,0.1272,0.629,0.7933,6.4,273.0,8.0,8.0,0.0516,0.6377,0.8333,3.456,505,8,12,103_203,ground,siren,203,4,103.0,False,,7,False
103_203_26_1_20250113_153140_siren_ground,3,51.64,60.64,9.0,0.0273,0.3622,0.7143,0.4667,135.0,8.0,8.0,0.0162,0.2801,0.6538,0.18,250,8,12,103_203,ground,siren,203,4,103.0,False,,7,False
103_203_26_1_20250113_153140_siren_ground,4,63.64,64.64,1.0,0.68,0.7974,0.9412,0.4,15.0,8.0,8.0,0.1429,0.625,0.9732,0.504,28,8,12,103_203,ground,siren,203,4,103.0,False,,7,True
103_203_27_1_20250113_153217_jungle_ground,1,1.26,26.02,24.76,0.0787,0.857,0.9192,9.0667,714.0,8.0,12.0,0.0733,0.9686,0.9901,24.234,1732,8,25,103_203,ground,jungle,203,1,103.0,True,24.38,0,True
103_203_28_1_20250113_153235_birthday_ground,1,1.07,17.06,15.99,0.0831,0.7179,0.8583,2.4,425.0,8.0,9.0,0.0806,0.9815,0.996,14.31,1476,8,21,103_203,ground,birthday,203,1,,False,,0,True
103_203_29_1_20250113_153255_cherry_ground,1,0.85,16.85,16.0,0.0796,0.7147,0.8422,2.0667,477.0,8.0,8.0,0.0694,0.9793,0.9959,15.99,1600,8,20,103_203,ground,cherry,203,1,,False,,0,True
103_203_30_1_20250113_153310_exam_ground,1,0.88,12.88,12.0,0.0835,0.7455,0.8542,4.8,358.0,8.0,7.0,0.075,0.9791,0.9959,11.992,1500,8,25,103_203,ground,exam,203,1,,False,,0,True
103_203_31_1_20250113_153333_flower_ground,1,,,,,,,,,,,0.077,0.963,0.9888,19.26,1606,8,18,103_203,ground,flower,203,1,,False,,0,True
103_203_32_1_20250113_153341_coffee_ground,1,0.85,5.85,5.0,0.0571,0.2773,0.5125,0.8333,150.0,8.0,2.0,0.0488,0.982,0.9961,2.316,1250,8,19,103_203,ground,coffee,203,1,103.0,False,,1,True
103_203_34_1_20250113_153427_picture_ground,1,1.49,8.17,6.68,0.3138,0.9158,0.9536,3.0667,201.0,8.0,5.0,0.056,0.9214,0.9835,6.66,556,8,14,103_203,ground,picture,103,3,203.0,True,18.85,5,False
103_203_34_1_20250113_153427_picture_ground,2,9.05,12.97,3.92,0.0231,0.3354,0.6739,0.6333,118.0,8.0,5.0,0.0442,0.8744,0.9794,3.9,326,8,14,103_203,ground,picture,103,3,203.0,True,18.85,5,False
103_203_34_1_20250113_153427_picture_ground,3,15.49,18.11,2.62,0.1482,0.4973,0.7373,0.5,79.0,8.0,5.0,0.0667,0.8558,0.9744,2.616,219,8,14,103_203,ground,picture,103,3,203.0,True,18.85,5,True
103_203_35_1_20250113_153443_yellow_ground,1,2.45,12.45,10.0,0.1186,0.7609,0.8706,3.8,300.0,8.0,8.0,0.035,0.958,0.9944,9.992,1250,8,33,103_203,ground,yellow,103,1,203.0,True,12.73,0,True
103_203_37_1_20250113_153517_movie_ground,1,2.54,19.05,16.51,0.0442,0.7764,0.8722,2.3,495.0,8.0,8.0,0.0618,0.9812,0.9946,4.728,1376,8,20,103_203,ground,movie,103,1,203.0,True,19.68,0,True
103_203_38_1_20250113_153528_puppy_ground,1,1.62,7.78,6.16,0.1413,0.6297,0.8026,1.9333,185.0,8.0,9.0,0.0131,0.9083,0.9948,6.156,1027,8,18,103_203,ground,puppy,103,1,203.0,True,7.35,0,True
103_203_39_1_20250113_153540_muscle_ground,1,0.98,6.7,5.72,0.0618,0.7965,0.9081,1.2,172.0,8.0,9.0,0.0679,0.9798,0.9925,2.526,953,5,20,103_203,ground,muscle,103,1,203.0,True,7.18,0,True
103_203_40_1_20250113_153555_beauty_ground,1,3.09,10.49,7.4,0.0851,0.7892,0.9163,2.2,222.0,8.0,10.0,0.046,0.9751,0.9852,1.696,925,8,25,103_203,ground,beauty,103,1,203.0,True,11.18,0,True
103_203_41_1_20250113_153604_sugar_ground,1,1.36,4.64,3.28,0.3733,0.7822,0.9011,1.3667,99.0,8.0,5.0,0.0304,0.925,0.9969,3.276,547,8,24,103_203,ground,sugar,103,2,203.0,True,6.93,2,False
103_203_41_1_20250113_153604_sugar_ground,2,5.64,6.64,1.0,0.0333,0.0,0.0,0.0,30.0,8.0,5.0,0.0267,0.7409,0.9772,0.366,167,8,24,103_203,ground,sugar,103,2,203.0,True,6.93,2,True
103_203_42_1_20250113_153614_sushi_ground,1,1.23,6.23,5.0,0.0903,0.7028,0.8396,0.9667,150.0,8.0,5.0,0.0405,0.9604,0.9962,4.998,834,8,32,103_203,ground,sushi,103,1,203.0,True,6.3,0,True
103_203_43_1_20250113_153626_gravy_ground,1,1.55,7.67,6.12,0.0691,0.8197,0.906,1.8333,184.0,8.0,7.0,0.0089,0.8724,0.9958,6.114,1020,8,21,103_203,ground,gravy,103,1,203.0,True,8.0,0,True
103_203_45_1_20250113_153745_walnut_board,1,3.54,19.54,16.0,0.1662,0.8569,0.9255,3.0667,480.0,8.0,11.0,0.0445,0.7817,0.9124,2.244,728,8,13,103_203,board,walnut,203,3,103.0,False,,4,False
103_203_45_1_20250113_153745_walnut_board,2,19.54,39.23,19.69,0.0359,0.6411,0.8218,3.4667,554.0,8.0,11.0,0.0586,0.8586,0.9414,2.926,865,8,13,103_203,board,walnut,203,3,103.0,False,,4,False
103_203_46_1_20250113_153759_blanket_board,1,0.02,11.52,11.5,0.0732,0.748,0.8847,2.8667,320.0,8.0,9.0,0.071,0.9801,0.9969,11.0,1418,8,26,103_203,board,blanket,203,1,,False,,0,True
103_203_47_1_20250113_153811_soda_board,1,1.26,9.26,8.0,0.0724,0.6164,0.7896,2.2333,203.0,8.0,11.0,0.0411,0.9764,0.9985,7.392,1233,8,46,103_203,board,soda,203,1,,False,,0,True
103_203_48_1_20250113_153828_hunger_board,1,0.91,10.6,9.69,0.0789,0.7996,0.9017,1.0333,290.0,8.0,18.0,0.0588,0.9798,0.9976,6.808,1211,8,22,103_203,board,hunger,203,1,103.0,False,,1,True
103_203_49_1_20250113_153839_christmas_board,1,1.94,9.94,8.0,0.0597,0.7926,0.8982,1.8333,175.0,8.0,11.0,0.0385,0.9712,0.998,7.278,1214,8,27,103_203,board,christmas,203,1,,False,,0,True
103_203_50_1_20250113_153852_butter_board,1,0.85,10.85,10.0,0.0735,0.6967,0.8387,5.6,295.0,8.0,7.0,0.0806,0.9849,0.9979,6.856,1250,8,25,103_203,board,butter,203,1,,False,,0,True
103_203_51_1_20250113_153926_cologne_board,1,1.71,26.5,24.79,0.0881,0.647,0.7646,4.0667,744.0,8.0,7.0,0.0902,0.9539,0.987,24.192,1378,8,21,103_203,board,cologne,203,2,103.0,False,,2,False
103_203_51_1_20250113_153926_cologne_board,2,26.5,32.26,5.76,0.0591,0.4576,0.7072,0.2,134.0,8.0,7.0,0.0456,0.8524,0.994,3.438,192,8,21,103_203,board,cologne,203,2,103.0,False,,2,True
103_203_52_1_20250113_154037_zipper_board,1,0.78,12.78,12.0,0.1385,0.6622,0.824,1.2,180.0,8.0,10.0,0.0323,0.4943,0.7819,0.684,333,8,13,103_203,board,zipper,203,5,103.0,False,,9,False
103_203_52_1_20250113_154037_zipper_board,2,12.78,21.61,8.83,0.0996,0.3339,0.569,0.4667,133.0,8.0,10.0,0.0276,0.3249,0.6697,0.216,246,8,13,103_203,board,zipper,203,5,103.0,False,,9,False
103_203_52_1_20250113_154037_zipper_board,3,21.61,39.19,17.58,0.0678,0.4534,0.6978,0.6,263.0,8.0,10.0,0.0672,0.6422,0.813,0.864,488,8,13,103_203,board,zipper,203,5,103.0,False,,9,False
103_203_52_1_20250113_154037_zipper_board,4,42.19,46.73,4.54,0.08,0.373,0.673,0.2667,68.0,8.0,10.0,0.0375,0.4165,0.7124,0.18,127,8,13,103_203,board,zipper,203,5,103.0,False,,9,False
103_203_52_1_20250113_154037_zipper_board,5,46.73,55.36,8.63,0.0755,0.4577,0.7539,0.5333,130.0,8.0,10.0,0.0929,0.6687,0.8836,0.432,239,8,13,103_203,board,zipper,203,5,103.0,False,,9,True
103_203_53_1_20250113_154055_river_board,1,1.39,5.39,4.0,0.1135,0.5569,0.7625,0.5667,120.0,8.0,7.0,0.085,0.9792,0.999,3.996,667,8,41,103_203,board,river,203,1,103.0,True,5.28,0,True
103_203_54_1_20250113_154107_music_board,1,1.23,9.23,8.0,0.0752,0.6169,0.8485,0.5333,202.0,8.0,12.0,0.0577,0.9824,0.9985,7.998,1334,8,26,103_203,board,music,203,1,103.0,True,8.82,0,True
108_208_12_1_20250114_162456_flower_ground,1,1.62,4.02,2.4,0.1964,0.7308,0.8939,2.3667,72.0,8.0,8.0,0.0321,0.89,1.0,2.392,300,8,21,108_208,ground,flower,108,2,208.0,False,,2,False
108_208_12_1_20250114_162456_flower_ground,2,5.78,12.6,6.82,0.0458,0.4748,0.7786,0.6333,185.0,8.0,8.0,0.0341,0.9481,0.9945,6.808,852,8,21,108_208,ground,flower,108,2,208.0,False,,2,True
108_208_13_1_20250114_162512_traffic_ground,1,1.17,12.61,11.44,0.0531,0.3652,0.663,0.2333,343.0,8.0,8.0,0.0554,0.9746,0.9946,11.432,1430,8,24,108_208,ground,traffic,108,1,208.0,True,8.97,0,True
108_208_14_1_20250114_162535_zipper_ground,1,0.91,20.33,19.42,0.0539,0.683,0.8175,3.2667,557.0,8.0,8.0,0.0718,0.9481,0.9831,19.104,1593,8,16,108_208,ground,zipper,108,1,,False,,0,True
108_208_15_1_20250114_162542_gravy_ground,1,1.01,6.01,5.0,0.0408,0.6058,0.7643,0.8,139.0,8.0,6.0,0.0484,0.982,0.9997,4.996,1250,8,34,108_208,ground,gravy,108,1,,False,,0,True
108_208_16_1_20250114_162559_siren_ground,1,1.17,14.17,13.0,0.0675,0.7886,0.8788,3.4,371.0,8.0,10.0,0.0542,0.9823,0.9975,12.992,1625,8,21,108_208,ground,siren,108,1,208.0,True,13.8,0,True
108_208_17_1_20250114_162610_cherry_ground,1,1.07,9.07,8.0,0.0498,0.5789,0.8179,0.3333,184.0,8.0,11.0,0.06,0.9814,0.9979,7.71,1286,8,23,108_208,ground,cherry,108,1,208.0,False,,1,True
108_208_18_1_20250114_162618_coffee_ground,1,1.07,5.07,4.0,0.079,0.5308,0.7557,1.1,120.0,8.0,6.0,0.0156,0.9346,0.9995,3.996,1000,8,29,108_208,ground,coffee,108,1,,False,,0,True
108_208_19_1_20250114_162700_cologne_ground,1,1.71,8.47,6.76,0.0857,0.6816,0.8183,1.4,203.0,8.0,11.0,0.0595,0.8639,0.9545,1.738,307,8,8,108_208,ground,cologne,108,3,208.0,False,,4,False
108_208_19_1_20250114_162700_cologne_ground,2,10.65,39.29,28.64,0.037,0.7681,0.8645,7.7333,836.0,8.0,11.0,0.0691,0.9338,0.9706,6.776,1301,8,8,108_208,ground,cologne,108,3,208.0,False,,4,False
108_208_19_1_20250114_162700_cologne_ground,3,,,,,,,,,,,0.6832,0.9133,0.9953,0.528,25,8,8,108_208,ground,cologne,108,3,208.0,False,,4,True
108_208_20_1_20250114_162723_bitter_ground,1,1.1,14.1,13.0,0.0805,0.4458,0.6671,0.2667,390.0,8.0,9.0,0.0599,0.9637,0.9881,3.036,1083,8,12,108_208,ground,bitter,108,2,208.0,True,19.23,2,False
108_208_20_1_20250114_162723_bitter_ground,2,16.1,19.1,3.0,0.0746,0.1556,0.5083,0.1667,90.0,8.0,9.0,0.1154,0.9409,0.9932,2.988,250,8,12,108_208,ground,bitter,108,2,208.0,True,19.23,2,True
108_208_21_1_20250114_162731_sugar_ground,1,0.85,5.29,4.44,0.07,0.0888,0.2147,0.3,133.0,8.0,3.0,0.0203,0.9483,0.9978,4.436,1110,8,30,108_208,ground,sugar,108,1,,False,,0,True
108_208_23_1_20250114_162817_tiger_ground,1,4.43,11.43,7.0,0.1033,0.5187,0.702,0.8667,210.0,8.0,12.0,0.0809,0.9583,0.9906,6.984,583,8,34,108_208,ground,tiger,208,2,108.0,True,18.72,3,False
108_208_23_1_20250114_162817_tiger_ground,2,13.43,15.43,2.0,0.0256,0.1957,0.3913,0.1,60.0,8.0,12.0,0.0266,0.6475,0.8893,0.828,166,8,34,108_208,ground,tiger,208,2,108.0,True,18.72,3,True
108_208_24_1_20250114_162831_exam_ground,1,0.75,4.75,4.0,0.0904,0.3702,0.6344,0.6,120.0,8.0,5.0,0.0493,0.95,0.996,3.992,500,8,19,108_208,ground,exam,208,2,108.0,True,10.11,2,False
108_208_24_1_20250114_162831_exam_ground,2,6.75,8.75,2.0,0.1572,0.4982,0.6696,0.2,60.0,8.0,5.0,0.135,0.9623,0.9982,1.992,250,8,19,108_208,ground,exam,208,2,108.0,True,10.11,2,True
108_208_26_1_20250114_162904_hamster_ground,1,1.3,5.8,4.5,0.0319,0.2788,0.5525,0.1333,135.0,8.0,9.0,0.1135,0.9713,0.9964,4.49,450,8,14,108_208,ground,hamster,208,1,108.0,True,16.52,1,True
108_208_27_1_20250114_162936_bacon_ground,1,3.82,5.82,2.0,0.1083,0.3744,0.6821,0.4333,60.0,8.0,4.0,0.246,0.9519,0.9951,1.984,125,8,16,108_208,ground,bacon,208,4,108.0,True,27.7,7,False
108_208_27_1_20250114_162936_bacon_ground,2,7.82,11.82,4.0,0.0213,0.2876,0.5261,0.3333,120.0,8.0,4.0,0.1218,0.9207,0.9806,3.984,250,8,16,108_208,ground,bacon,208,4,108.0,True,27.7,7,False
108_208_27_1_20250114_162936_bacon_ground,3,17.82,22.82,5.0,0.0162,0.033,0.1154,0.0667,150.0,8.0,4.0,0.0149,0.486,0.8398,0.576,313,8,16,108_208,ground,bacon,208,4,108.0,True,27.7,7,False
108_208_27_1_20250114_162936_bacon_ground,4,23.82,27.82,4.0,0.2661,0.8586,0.9426,0.9,120.0,8.0,4.0,0.1183,0.9032,0.9857,1.856,250,8,16,108_208,ground,bacon,208,4,108.0,True,27.7,7,True
108_208_28_1_20250114_162956_river_ground,1,2.61,11.31,8.7,0.1688,0.9281,0.9594,3.2333,261.0,8.0,12.0,0.1945,0.9931,0.9965,4.37,870,7,20,108_208,ground,river,208,1,108.0,True,3.25,0,True
108_208_29_1_20250114_163011_walnut_ground,1,1.62,5.57,3.95,0.0481,0.5404,0.8473,0.4667,119.0,8.0,9.0,0.2519,0.9826,0.9963,3.944,494,8,25,108_208,ground,walnut,208,1,108.0,True,6.64,0,True
108_208_30_1_20250114_163024_butter_ground,1,4.69,6.69,2.0,0.0811,0.3493,0.7021,0.1333,60.0,8.0,5.0,0.0072,0.5704,0.665,0.192,333,8,20,108_208,ground,butter,208,2,108.0,True,9.25,2,False
108_208_30_1_20250114_163024_butter_ground,2,7.69,8.69,1.0,0.96,0.9583,0.9954,0.9667,30.0,8.0,5.0,0.006,0.0,0.0,0.0,167,8,20,108_208,ground,butter,208,2,108.0,True,9.25,2,True
108_208_31_1_20250114_163033_leather_ground,1,2.03,6.03,4.0,0.1858,0.5889,0.7952,0.2,120.0,8.0,7.0,0.0028,0.4241,0.5625,0.33,666,8,19,108_208,ground,leather,208,1,108.0,True,5.76,0,True
108_208_32_1_20250114_163057_chlorine_ground,1,3.7,10.7,7.0,0.0653,0.6379,0.7946,1.2,210.0,8.0,10.0,0.0429,0.9385,0.9939,6.984,583,8,21,108_208,ground,chlorine,208,1,,False,,0,True
108_208_34_1_20250114_163148_movie_board,1,0.85,9.97,9.12,0.0613,0.8501,0.93,1.8,267.0,8.0,6.0,0.059,0.9853,0.9987,9.114,1520,7,31,108_208,board,movie,108,1,,False,,0,True
108_208_35_1_20250114_163156_pasta_board,1,0.91,5.91,5.0,0.0454,0.5323,0.729,0.9333,150.0,8.0,4.0,0.056,0.9842,0.9996,4.996,1250,8,36,108_208,board,pasta,108,1,,False,,0,True
108_208_36_1_20250114_163248_balloon_board,1,0.82,51.6,50.78,0.0659,0.7563,0.8662,7.3667,1423.0,8.0,15.0,0.0676,0.7971,0.904,9.152,1888,8,10,108_208,board,balloon,108,1,,False,,0,True
108_208_38_1_20250114_163310_birthday_board,1,0.66,9.66,9.0,0.0715,0.6261,0.8187,1.8,257.0,8.0,7.0,0.0566,0.9838,0.998,8.994,1500,8,20,108_208,board,birthday,108,1,,False,,0,True
108_208_39_1_20250114_163319_beauty_board,1,0.85,7.09,6.24,0.0487,0.6273,0.7701,0.8333,173.0,8.0,7.0,0.026,0.9612,0.9899,2.7,1040,8,15,108_208,board,beauty,108,1,,False,,0,True
108_208_40_1_20250114_163328_christmas_board,1,0.72,6.72,6.0,0.0386,0.5186,0.7738,0.4667,137.0,8.0,9.0,0.0427,0.984,0.9999,5.996,1500,8,20,108_208,board,christmas,108,1,,False,,0,True
108_208_41_1_20250114_163344_trumpet_board,1,0.0,8.48,8.48,0.135,0.7862,0.8827,3.1667,255.0,8.0,7.0,0.1087,0.9894,0.995,1.352,1060,8,15,108_208,board,trumpet,108,1,,False,,0,True
108_208_42_1_20250114_163352_music_board,1,1.01,5.61,4.6,0.0331,0.4202,0.7479,1.0,120.0,8.0,10.0,0.001,0.1529,0.2029,0.26,1150,8,19,108_208,board,music,108,1,208.0,True,5.02,0,True
108_208_43_1_20250114_163408_hunger_board,1,1.17,5.17,4.0,0.0799,0.647,0.8887,0.4333,120.0,8.0,9.0,0.0699,0.9602,0.9942,3.992,500,8,17,108_208,board,hunger,108,3,208.0,True,13.17,4,False
108_208_43_1_20250114_163408_hunger_board,2,5.17,7.17,2.0,0.0839,0.7219,0.9735,1.6333,60.0,8.0,9.0,0.1445,0.9714,0.9998,1.992,250,8,17,108_208,board,hunger,108,3,208.0,True,13.17,4,False
108_208_43_1_20250114_163408_hunger_board,3,9.17,15.17,6.0,0.0771,0.6261,0.8411,2.7667,137.0,8.0,9.0,0.0463,0.9643,0.9973,5.728,717,8,17,108_208,board,hunger,108,3,208.0,True,13.17,4,True
108_208_45_1_20250114_163506_sushi_board,1,2.19,7.79,5.6,0.082,0.669,0.8621,0.7667,168.0,8.0,13.0,0.1509,0.9636,0.9935,3.36,467,8,40,108_208,board,sushi,208,1,108.0,True,3.18,0,True
108_208_46_1_20250114_163523_jungle_board,1,8.24,14.2,5.96,0.0898,0.4262,0.698,0.2333,178.0,8.0,6.0,0.0071,0.7079,0.9274,1.94,596,8,21,108_208,board,jungle,208,1,108.0,True,14.34,2,True
108_208_47_1_20250114_163536_yellow_board,1,2.67,9.46,6.79,0.0287,0.5309,0.7785,0.6,203.0,8.0,7.0,0.0155,0.9392,0.9647,1.248,1132,8,25,108_208,board,yellow,208,1,108.0,True,8.6,0,True
108_208_48_1_20250114_163634_flannel_board,1,1.65,3.65,2.0,1.0,0.9828,1.0,1.9667,60.0,8.0,16.0,0.3094,0.7689,0.9294,0.3,67,8,11,108_208,board,flannel,208,8,108.0,True,52.91,15,False
108_208_48_1_20250114_163634_flannel_board,2,5.27,7.65,2.38,0.4092,0.8725,0.9457,1.7333,71.0,8.0,16.0,0.0575,0.6574,0.9721,0.3,79,8,11,108_208,board,flannel,208,8,108.0,True,52.91,15,False
108_208_48_1_20250114_163634_flannel_board,3,19.86,21.86,2.0,0.7072,0.8759,0.9509,1.9667,60.0,8.0,16.0,0.1553,0.792,0.9613,0.3,67,8,11,108_208,board,flannel,208,8,108.0,True,52.91,15,False
108_208_48_1_20250114_163634_flannel_board,4,25.43,27.43,2.0,0.0372,0.1791,0.5821,0.1,60.0,8.0,16.0,0.3018,0.9048,0.9838,1.02,67,8,11,108_208,board,flannel,208,8,108.0,True,52.91,15,False
108_208_48_1_20250114_163634_flannel_board,5,30.35,32.95,2.6,0.0187,0.0702,0.5175,0.0667,78.0,8.0,16.0,0.077,0.4871,0.7976,0.3,87,8,11,108_208,board,flannel,208,8,108.0,True,52.91,15,False
108_208_48_1_20250114_163634_flannel_board,6,34.55,36.55,2.0,0.025,0.1333,0.4222,0.0667,60.0,8.0,16.0,0.0283,0.2362,0.7008,0.18,67,8,11,108_208,board,flannel,208,8,108.0,True,52.91,15,False
108_208_48_1_20250114_163634_flannel_board,7,37.83,40.15,2.32,0.0151,0.0,0.1081,0.0,70.0,8.0,16.0,0.0529,0.6522,0.9534,1.11,78,8,11,108_208,board,flannel,208,8,108.0,True,52.91,15,False
108_208_48_1_20250114_163634_flannel_board,8,42.31,44.31,2.0,0.0772,0.5468,0.8129,0.5,60.0,8.0,16.0,0.0684,0.5839,0.896,0.66,66,8,11,108_208,board,flannel,208,8,108.0,True,52.91,15,True
108_208_49_1_20250114_163641_doughnut_board,1,1.68,3.68,2.0,0.1173,0.623,0.882,1.0,51.0,7.0,14.0,0.0032,0.351,0.5051,0.088,500,8,30,108_208,board,doughnut,208,1,108.0,False,,1,True
108_208_51_1_20250114_163806_spinach_board,1,3.02,22.59,19.57,0.2561,0.6305,0.7921,3.6667,293.0,8.0,7.0,0.0867,0.8318,0.9164,4.248,544,8,5,108_208,board,spinach,208,5,108.0,False,,8,False
108_208_51_1_20250114_163806_spinach_board,2,26.83,38.18,11.35,0.0278,0.5846,0.7425,2.4667,170.0,8.0,7.0,0.0188,0.6717,0.8484,2.34,315,8,5,108_208,board,spinach,208,5,108.0,False,,8,False
108_208_51_1_20250114_163806_spinach_board,3,42.14,52.61,10.47,0.0086,0.0474,0.3033,0.2,157.0,8.0,7.0,0.0954,0.9316,0.9646,3.744,291,8,5,108_208,board,spinach,208,5,108.0,False,,8,False
108_208_51_1_20250114_163806_spinach_board,4,54.61,57.61,3.0,0.04,0.0494,0.3086,0.1333,45.0,8.0,7.0,0.0122,0.0,0.0465,0.0,84,8,5,108_208,board,spinach,208,5,108.0,False,,8,False
108_208_51_1_20250114_163806_spinach_board,5,59.61,64.62,5.01,0.1662,0.7957,0.9455,2.9333,75.0,8.0,7.0,0.0542,0.6437,0.8691,1.584,139,8,5,108_208,board,spinach,208,5,108.0,False,,8,True
108_208_52_1_20250114_163842_blanket_board,1,2.0,8.0,6.0,0.1337,0.9191,0.9674,1.7667,172.0,8.0,6.0,0.0212,0.9468,0.9979,5.994,1000,8,21,108_208,board,blanket,208,1,,False,,0,True
108_208_53_1_20250114_163852_pillow_board,1,0.78,6.63,5.85,0.0783,0.7228,0.8704,1.7,175.0,8.0,7.0,0.0721,0.9846,0.9905,1.884,975,8,19,108_208,board,pillow,208,1,108.0,False,,1,True
108_208_54_1_20250114_163903_soda_board,1,1.1,7.1,6.0,0.0653,0.2964,0.5138,0.4667,181.0,8.0,3.0,0.0189,0.9425,0.9988,5.994,1000,8,20,108_208,board,soda,208,1,108.0,True,7.42,0,True
116_216_12_1_20250116_102514_butter_board,1,3.47,5.47,2.0,0.0306,0.2364,0.6636,0.1,60.0,8.0,6.0,0.002,0.0078,0.0333,0.008,500,4,33,116_216,board,butter,116,1,,False,,0,True
116_216_13_1_20250116_102527_traffic_board,1,4.37,9.37,5.0,0.0068,0.0,0.0519,0.0,150.0,8.0,5.0,0.0012,0.0,0.0,0.0,833,8,27,116_216,board,traffic,116,1,216.0,True,8.32,0,True
116_216_14_1_20250116_102556_picture_board,1,3.54,10.06,6.52,0.1872,0.8372,0.9206,1.5667,195.0,8.0,6.0,0.2501,0.9553,0.9863,2.928,407,8,12,116_216,board,picture,116,3,216.0,True,26.32,6,False
116_216_14_1_20250116_102556_picture_board,2,11.06,16.86,5.8,0.0488,0.406,0.6915,1.2333,174.0,8.0,6.0,0.048,0.8639,0.9669,4.352,362,8,12,116_216,board,picture,116,3,216.0,True,26.32,6,False
116_216_14_1_20250116_102556_picture_board,3,16.86,21.3,4.44,0.0686,0.2744,0.5674,0.2333,134.0,8.0,6.0,0.0317,0.7494,0.9543,4.16,278,8,12,116_216,board,picture,116,3,216.0,True,26.32,6,True
116_216_15_1_20250116_102602_siren_board,1,0.75,2.75,2.0,0.1144,0.5583,0.8471,0.9667,60.0,8.0,5.0,0.0281,0.9279,1.0,1.996,500,8,18,116_216,board,siren,116,1,216.0,False,,1,True
116_216_16_1_20250116_102611_pasta_board,1,0.37,7.32,6.95,0.055,0.4087,0.6802,0.2667,192.0,8.0,5.0,0.0735,0.9918,0.9954,1.908,1737,7,22,116_216,board,pasta,116,1,216.0,True,5.94,0,True
116_216_17_1_20250116_102622_yellow_board,1,1.42,8.28,6.86,0.0839,0.8619,0.902,2.0667,206.0,8.0,6.0,0.0726,0.9879,0.992,2.154,1143,8,22,116_216,board,yellow,116,1,216.0,True,8.03,0,True
116_216_18_1_20250116_102638_hunger_board,1,3.95,13.95,10.0,0.0364,0.4463,0.6511,0.8667,300.0,8.0,4.0,0.0551,0.9743,0.9953,9.992,1250,8,24,116_216,board,hunger,116,1,216.0,True,12.96,0,True
116_216_19_1_20250116_102654_leather_board,1,1.42,11.92,10.5,0.0743,0.5284,0.7353,1.1667,315.0,8.0,7.0,0.0659,0.9876,0.9957,3.664,1312,8,16,116_216,board,leather,116,1,216.0,True,12.16,0,True
116_216_20_1_20250116_102710_pillow_board,1,1.04,6.72,5.68,0.3199,0.7822,0.866,3.8333,170.0,8.0,6.0,0.1044,0.9732,0.995,5.672,710,8,23,116_216,board,pillow,116,2,216.0,True,12.46,2,False
116_216_20_1_20250116_102710_pillow_board,2,7.6,12.74,5.14,0.0182,0.1528,0.5741,0.1,154.0,8.0,6.0,0.0488,0.938,0.9869,5.136,643,8,23,116_216,board,pillow,116,2,216.0,True,12.46,2,True
116_216_21_1_20250116_102716_muscle_board,1,0.62,2.52,1.9,0.0896,0.5636,0.9003,0.2333,57.0,5.0,13.0,0.0386,0.9435,0.9999,1.896,475,8,27,116_216,board,muscle,116,1,216.0,True,1.74,0,True
116_216_23_1_20250116_102753_doughnut_ground,1,0.59,10.09,9.5,0.0728,0.6622,0.8097,1.1,285.0,8.0,4.0,0.079,0.9887,0.9988,9.468,1579,8,29,116_216,ground,doughnut,216,1,,False,,0,True
116_216_24_1_20250116_102808_bacon_ground,1,0.82,7.51,6.69,0.0805,0.5109,0.7409,1.4333,201.0,8.0,5.0,0.1197,0.9876,0.9996,6.68,836,8,27,116_216,ground,bacon,216,2,116.0,False,,2,False
116_216_24_1_20250116_102808_bacon_ground,2,7.51,13.51,6.0,0.0354,0.5197,0.8051,1.1333,149.0,8.0,5.0,0.0534,0.9416,0.9907,4.624,579,8,27,116_216,ground,bacon,216,2,116.0,False,,2,True
116_216_25_1_20250116_102832_puppy_ground,1,0.66,7.44,6.78,0.0405,0.7046,0.8375,1.0333,204.0,8.0,9.0,0.0707,0.9174,0.9712,2.724,565,8,18,116_216,ground,puppy,216,3,116.0,True,19.86,4,False
116_216_25_1_20250116_102832_puppy_ground,2,7.84,9.48,1.64,0.0354,0.1647,0.7765,0.1,49.0,8.0,9.0,0.04,0.7405,0.9676,0.864,136,8,18,116_216,ground,puppy,216,3,116.0,True,19.86,4,False
116_216_25_1_20250116_102832_puppy_ground,3,11.1,18.03,6.93,0.2324,0.8858,0.9522,4.5333,208.0,8.0,9.0,0.12,0.9777,0.9949,2.04,578,8,18,116_216,ground,puppy,216,3,116.0,True,19.86,4,True
116_216_26_1_20250116_102855_sugar_ground,1,1.14,20.09,18.95,0.0812,0.7852,0.8901,3.0667,524.0,8.0,16.0,0.0793,0.9802,0.995,6.396,1580,8,18,116_216,ground,sugar,216,1,116.0,True,20.4,0,True
116_216_27_1_20250116_102911_zipper_ground,1,0.75,15.44,14.69,0.0804,0.8912,0.9461,4.1667,404.0,8.0,7.0,0.0779,0.9847,0.9971,7.248,1736,8,21,116_216,ground,zipper,216,1,,False,,0,True
116_216_28_1_20250116_102950_cologne_ground,1,3.31,25.54,22.23,0.1157,0.7709,0.8727,4.5,667.0,8.0,10.0,0.0226,0.8602,0.9438,2.88,1111,8,16,116_216,ground,cologne,216,2,116.0,True,35.65,4,False
116_216_28_1_20250116_102950_cologne_ground,2,25.54,35.49,9.95,0.045,0.5003,0.7574,0.2667,298.0,8.0,10.0,0.2745,0.9871,0.9961,5.76,498,8,16,116_216,ground,cologne,216,2,116.0,True,35.65,4,True
116_216_29_1_20250116_103005_hamster_ground,1,1.07,13.95,12.88,0.0867,0.775,0.8849,3.7667,328.0,8.0,8.0,0.0622,0.9865,0.9952,1.8,1473,8,18,116_216,ground,hamster,216,1,,False,,0,True
116_216_30_1_20250116_103021_tiger_ground,1,0.82,14.66,13.84,0.0823,0.7837,0.9011,0.8333,368.0,8.0,9.0,0.0733,0.9811,0.9963,7.56,1604,8,27,116_216,ground,tiger,216,1,,True,11.66,0,True
116_216_31_1_20250116_103035_chlorine_ground,1,1.17,12.17,11.0,0.0833,0.8137,0.9069,1.4333,284.0,8.0,11.0,0.0677,0.9648,0.9888,10.832,1355,8,21,116_216,ground,chlorine,216,1,,False,,0,True
116_216_32_1_20250116_103144_walnut_ground,1,0.75,15.75,15.0,0.1028,0.6319,0.799,1.6667,225.0,8.0,11.0,0.1406,0.736,0.8851,4.356,417,8,13,116_216,ground,walnut,216,5,116.0,False,,8,False
116_216_32_1_20250116_103144_walnut_ground,2,17.75,31.75,14.0,0.1236,0.5736,0.8132,1.0667,210.0,8.0,11.0,0.084,0.6108,0.8063,1.26,388,8,13,116_216,ground,walnut,216,5,116.0,False,,8,False
116_216_32_1_20250116_103144_walnut_ground,3,35.54,51.07,15.53,0.0299,0.4985,0.6948,1.4,233.0,8.0,11.0,0.0584,0.5353,0.769,2.232,431,8,13,116_216,ground,walnut,216,5,116.0,False,,8,False
116_216_32_1_20250116_103144_walnut_ground,4,52.07,59.07,7.0,0.0453,0.2806,0.517,0.2,105.0,8.0,11.0,0.042,0.5019,0.8085,0.432,194,8,13,116_216,ground,walnut,216,5,116.0,False,,8,False
116_216_32_1_20250116_103144_walnut_ground,5,62.07,65.07,3.0,0.7222,0.7692,0.9712,0.3333,12.0,8.0,11.0,0.1922,0.8437,0.9602,2.664,75,8,13,116_216,ground,walnut,216,5,116.0,False,,8,True
116_216_34_1_20250116_103225_flower_ground,1,2.51,8.11,5.6,0.1448,0.4159,0.66,0.2333,168.0,8.0,7.0,0.0168,0.9265,0.9971,4.734,933,7,32,116_216,ground,flower,116,1,216.0,True,6.58,0,True
116_216_35_1_20250116_103333_flannel_ground,1,1.01,16.14,15.13,0.0251,0.5137,0.7416,1.1,454.0,8.0,11.0,0.1465,0.8603,0.9424,3.536,445,8,9,116_216,ground,flannel,116,2,216.0,False,,3,False
116_216_35_1_20250116_103333_flannel_ground,2,16.14,27.0,10.86,0.1192,0.6744,0.8243,2.6333,326.0,8.0,11.0,0.1246,0.7013,0.8522,4.25,320,8,9,116_216,ground,flannel,116,2,216.0,False,,3,True
116_216_36_1_20250116_103426_jungle_ground,1,2.96,4.96,2.0,0.9322,0.9601,0.9884,1.9667,60.0,8.0,11.0,0.0428,0.768,0.9886,1.624,143,8,12,116_216,ground,jungle,116,5,216.0,True,24.98,8,False
116_216_36_1_20250116_103426_jungle_ground,2,5.96,7.96,2.0,0.815,0.9741,0.9976,1.9667,60.0,8.0,11.0,0.0801,0.865,0.9841,1.988,143,8,12,116_216,ground,jungle,116,5,216.0,True,24.98,8,False
116_216_36_1_20250116_103426_jungle_ground,3,10.96,11.96,1.0,0.0333,0.0,0.0,0.0,30.0,8.0,11.0,0.0617,0.7312,0.9969,0.994,72,8,12,116_216,ground,jungle,116,5,216.0,True,24.98,8,False
116_216_36_1_20250116_103426_jungle_ground,4,13.96,14.96,1.0,0.1178,0.5283,0.8962,0.1667,30.0,8.0,11.0,0.2708,0.8894,0.981,0.98,71,8,12,116_216,ground,jungle,116,5,216.0,True,24.98,8,False
116_216_36_1_20250116_103426_jungle_ground,5,19.4,24.4,5.0,0.0069,0.0,0.0764,0.0,151.0,8.0,11.0,0.052,0.8587,0.9695,4.984,357,8,12,116_216,ground,jungle,116,5,216.0,True,24.98,8,True
116_216_37_1_20250116_103447_beauty_ground,1,1.14,10.79,9.65,0.0989,0.6638,0.8152,0.6333,289.0,8.0,13.0,0.0425,0.9343,0.9854,7.944,805,8,22,116_216,ground,beauty,116,1,216.0,True,10.89,0,True
116_216_38_1_20250116_103502_coffee_ground,1,0.91,6.57,5.66,0.0569,0.41,0.7238,0.5667,170.0,8.0,10.0,0.1875,0.9903,0.9974,3.024,708,8,19,116_216,ground,coffee,116,2,216.0,True,11.56,2,False
116_216_38_1_20250116_103502_coffee_ground,2,8.57,10.57,2.0,0.1328,0.682,0.8745,0.9333,60.0,8.0,10.0,0.0115,0.624,0.8412,0.336,250,8,19,116_216,ground,coffee,116,2,216.0,True,11.56,2,True
116_216_39_1_20250116_103539_birthday_ground,1,0.88,8.88,8.0,0.0468,0.5475,0.75,2.3333,240.0,8.0,9.0,0.1111,0.9235,0.9814,7.98,400,8,12,116_216,ground,birthday,116,4,216.0,True,34.42,6,False
116_216_39_1_20250116_103539_birthday_ground,2,13.88,14.88,1.0,0.0422,0.0,0.2632,0.0,30.0,8.0,9.0,0.1584,0.7576,0.9899,0.98,50,8,12,116_216,ground,birthday,116,4,216.0,True,34.42,6,False
116_216_39_1_20250116_103539_birthday_ground,3,24.88,29.88,5.0,0.1692,0.5914,0.781,0.2667,150.0,8.0,9.0,0.0379,0.7247,0.9193,2.82,250,8,12,116_216,ground,birthday,116,4,216.0,True,34.42,6,False
116_216_39_1_20250116_103539_birthday_ground,4,30.88,34.88,4.0,0.0651,0.2225,0.3803,0.1,109.0,8.0,9.0,0.053,0.7399,0.9119,2.42,200,8,12,116_216,ground,birthday,116,4,216.0,True,34.42,6,True
116_216_41_1_20250116_103635_soda_ground,1,1.07,10.57,9.5,0.0938,0.7477,0.8801,2.1667,285.0,8.0,11.0,0.364,0.9545,0.9821,7.248,396,8,13,116_216,ground,soda,116,5,216.0,False,,8,False
116_216_41_1_20250116_103635_soda_ground,2,13.57,14.57,1.0,0.3756,0.6154,0.855,0.1667,30.0,8.0,11.0,0.2086,0.663,0.8995,0.192,42,8,13,116_216,ground,soda,116,5,216.0,False,,8,False
116_216_41_1_20250116_103635_soda_ground,3,19.57,21.57,2.0,0.1261,0.4581,0.7379,0.2667,60.0,8.0,11.0,0.021,0.2069,0.5379,0.096,83,8,13,116_216,ground,soda,116,5,216.0,False,,8,False
116_216_41_1_20250116_103635_soda_ground,4,37.39,43.39,6.0,0.1098,0.4958,0.713,0.9333,180.0,8.0,11.0,0.0793,0.8304,0.9354,1.872,250,8,13,116_216,ground,soda,116,5,216.0,False,,8,False
116_216_42_1_20250116_103705_exam_ground,1,0.94,13.62,12.68,0.0438,0.3279,0.5752,0.5,380.0,8.0,7.0,0.0883,0.9292,0.9745,3.936,793,8,12,116_216,ground,exam,116,3,216.0,True,26.94,5,False
116_216_42_1_20250116_103705_exam_ground,2,13.62,20.98,7.36,0.1337,0.5301,0.7402,1.4333,221.0,8.0,7.0,0.0792,0.9309,0.9804,3.52,460,8,12,116_216,ground,exam,116,3,216.0,True,26.94,5,False
116_216_42_1_20250116_103705_exam_ground,3,20.98,27.5,6.52,0.1515,0.8065,0.9113,4.2333,196.0,8.0,7.0,0.033,0.8146,0.9577,1.488,407,8,12,116_216,ground,exam,116,3,216.0,True,26.94,5,True
116_216_45_1_20250116_103813_gravy_board,1,1.07,24.85,23.78,0.0652,0.5734,0.7602,3.1,668.0,8.0,6.0,0.066,0.9569,0.9865,8.946,1579,8,17,116_216,board,gravy,216,1,,False,,0,True
116_216_46_1_20250116_103828_cherry_board,1,0.66,14.66,14.0,0.057,0.8154,0.9209,1.9667,371.0,8.0,8.0,0.0555,0.9773,0.9953,11.512,1656,8,17,116_216,board,cherry,216,1,,False,,0,True
116_216_47_1_20250116_103841_sushi_board,1,1.07,8.79,7.72,0.0354,0.3317,0.5819,0.2333,231.0,8.0,5.0,0.0624,0.9822,0.9963,2.406,1286,8,22,116_216,board,sushi,216,1,,False,,0,True
116_216_48_1_20250116_103854_river_board,1,0.82,12.79,11.97,0.0755,0.8483,0.9087,2.3333,284.0,8.0,7.0,0.0809,0.9902,0.9996,9.582,1598,8,37,116_216,board,river,216,1,,False,,0,True
116_216_49_1_20250116_103913_blanket_board,1,,,,,,,,,,,0.0632,0.9674,0.9911,13.99,1400,8,22,116_216,board,blanket,216,2,116.0,False,,2,False
116_216_49_1_20250116_103913_blanket_board,2,,,,,,,,,,,0.1832,0.9666,0.9979,2.05,206,8,22,116_216,board,blanket,216,2,116.0,False,,2,True
116_216_50_1_20250116_103951_spinach_board,1,,,,,,,,,,,0.0697,0.8763,0.9541,0.66,1019,8,22,116_216,board,spinach,216,2,116.0,False,,2,False
116_216_50_1_20250116_103951_spinach_board,2,,,,,,,,,,,0.084,0.934,0.9784,1.84,613,8,22,116_216,board,spinach,216,2,116.0,False,,2,True
116_216_51_1_20250116_104027_movie_board,1,,,,,,,,,,,0.0809,0.9477,0.9831,3.168,708,8,12,116_216,board,movie,216,2,116.0,False,,2,False
116_216_51_1_20250116_104027_movie_board,2,,,,,,,,,,,0.01,0.6366,0.8556,1.71,683,8,12,116_216,board,movie,216,2,116.0,False,,2,True
116_216_52_1_20250116_104050_christmas_board,1,,,,,,,,,,,0.0754,0.9876,0.9969,5.448,1672,8,13,116_216,board,christmas,216,1,,False,,0,True
116_216_53_1_20250116_104129_trumpet_board,1,,,,,,,,,,,0.0751,0.9564,0.9833,3.18,1763,8,12,116_216,board,trumpet,216,1,,False,,0,True
116_216_54_1_20250116_104150_balloon_board,1,,,,,,,,,,,0.0749,0.9783,0.9945,16.52,1653,8,36,116_216,board,balloon,216,1,,False,,0,True
